organoid	inhibitor	value
hF2	Gemcitabine	0.554357724008645
hF2	Paclitaxel	0.712962208887096
hF2	SN-38	0.499950071545098
hF2	5-FU	0.782922474909435
hF2	Oxaliplatin	0.887245681544089
hF23	Gemcitabine	0.523994611794011
hF23	Paclitaxel	0.486710915662748
hF23	SN-38	0.547860062472992
hF23	5-FU	0.781999288152443
hF23	Oxaliplatin	0.820843360192987
hF24	Gemcitabine	0.609942415034081
hF24	Paclitaxel	0.742389475755138
hF24	SN-38	0.549167304580845
hF24	5-FU	0.671272069100466
hF24	Oxaliplatin	0.809528235109105
hF27	Gemcitabine	0.677161905493563
hF27	Paclitaxel	0.636765656709348
hF27	SN-38	0.567864966394762
hF27	5-FU	0.838668541229544
hF27	Oxaliplatin	0.852603292489015
hF28	Gemcitabine	0.685010432986769
hF28	Paclitaxel	0.662779111463729
hF28	SN-38	0.6514418789944
hF28	5-FU	0.861745214628544
hF28	Oxaliplatin	0.829213224741049
hF3	Gemcitabine	0.619786040802038
hF3	Paclitaxel	0.544051970514452
hF3	SN-38	0.56354332582754
hF3	5-FU	0.718958751213137
hF3	Oxaliplatin	0.946592140165441
hF31	Gemcitabine	0.619360018581861
hF31	Paclitaxel	0.560774590057002
hF31	SN-38	0.54106355589358
hF31	5-FU	0.760285557343075
hF31	Oxaliplatin	0.8443832542729
hF32	Gemcitabine	0.549507398993009
hF32	Paclitaxel	0.577008210386458
hF32	SN-38	0.616808758845471
hF32	5-FU	0.910581976299166
hF32	Oxaliplatin	0.915300871349735
hF39	Gemcitabine	0.755856286781935
hF39	Paclitaxel	0.699247542006404
hF39	SN-38	0.723406628241216
hF39	5-FU	0.806900475310391
hF39	Oxaliplatin	0.817747496580821
hF43	Gemcitabine	0.614382559598918
hF43	Paclitaxel	0.618258803342222
hF43	SN-38	0.544373638758924
hF43	5-FU	0.833603591019984
hF43	Oxaliplatin	0.93996422690651
hF44	Gemcitabine	0.60813778976359
hF44	Paclitaxel	0.560653029608852
hF44	SN-38	0.558798582631423
hF44	5-FU	0.717838460721136
hF44	Oxaliplatin	0.878978347450669
hF45	Gemcitabine	0.653678664527895
hF45	Paclitaxel	0.680983993868605
hF45	SN-38	0.715255347045912
hF45	5-FU	0.855192632570545
hF45	Oxaliplatin	0.918397501346954
hF50	Gemcitabine	0.637842645778803
hF50	Paclitaxel	0.641314766241521
hF50	SN-38	0.581826164251756
hF50	5-FU	0.722544390281779
hF50	Oxaliplatin	0.814588640424075
hF54	Gemcitabine	0.586568591300181
hF54	Paclitaxel	0.591237063796605
hF54	SN-38	0.565170462878391
hF54	5-FU	0.728000279388856
hF54	Oxaliplatin	0.852202716728058
hF57	Gemcitabine	0.682922286987648
hF57	Paclitaxel	0.583587209553382
hF57	SN-38	0.59684734730444
hF57	5-FU	0.745209436554096
hF57	Oxaliplatin	0.859122952453551
hF68	Gemcitabine	0.600542882205215
hF68	Paclitaxel	0.665978705825011
hF68	SN-38	0.621696224488683
hF68	5-FU	0.760692646586759
hF68	Oxaliplatin	0.808104044804886
hF70	Gemcitabine	0.917493159390797
hF70	Paclitaxel	0.759484747421569
hF70	SN-38	0.880285883398784
hF70	5-FU	0.971617317601717
hF70	Oxaliplatin	0.981540116578909
hF71	Gemcitabine	0.575273550555673
hF71	Paclitaxel	0.669057572411264
hF71	SN-38	0.502899547108073
hF71	5-FU	0.750263795128756
hF71	Oxaliplatin	0.668467826907879
hF72	Gemcitabine	0.619077001559516
hF72	Paclitaxel	0.55849109567577
hF72	SN-38	0.549609920014186
hF72	5-FU	0.851776518589764
hF72	Oxaliplatin	0.802985573589569
hF74	Gemcitabine	0.685409693985844
hF74	Paclitaxel	0.599901811543062
hF74	SN-38	0.588698991881925
hF74	5-FU	0.781664030929756
hF74	Oxaliplatin	0.796187253723581
hF77	Gemcitabine	0.743855213716024
hF77	Paclitaxel	0.596950841196933
hF77	SN-38	0.658731003789186
hF77	5-FU	0.764027596860033
hF77	Oxaliplatin	0.893166958684133
hF78	Gemcitabine	0.732814316174634
hF78	Paclitaxel	0.687160690107975
hF78	SN-38	0.680146801543918
hF78	5-FU	0.858538330234341
hF78	Oxaliplatin	0.820802323810886
hF81	Gemcitabine	0.782606835094292
hF81	Paclitaxel	0.63377813923944
hF81	SN-38	0.609675287397909
hF81	5-FU	0.898189385852502
hF82	Gemcitabine	0.687559440593598
hF82	Paclitaxel	0.706710096671366
hF82	SN-38	0.673540403368709
hF82	5-FU	0.889205801008651
hF82	Oxaliplatin	0.927072148768731
hM17D	Gemcitabine	0.637593135553281
hM17D	Paclitaxel	0.653708785577322
hM17D	SN-38	0.685231504369094
hM17D	5-FU	0.827639489505271
hM17D	Oxaliplatin	0.931960030301541
hM19A	Gemcitabine	0.745544695850794
hM19A	Paclitaxel	0.674024417946036
hM19A	SN-38	0.567859370879097
hM19A	5-FU	0.841834061781402
hM19A	Oxaliplatin	0.882457554768711
hM19B	Gemcitabine	0.737613216075916
hM19B	Paclitaxel	0.69613102156097
hM19B	SN-38	0.599961249095421
hM19B	5-FU	0.915086437559282
hM19B	Oxaliplatin	0.940396316355949
hM19C	Gemcitabine	0.672882329442209
hM19C	Paclitaxel	0.629885132407698
hM19C	SN-38	0.589704225769544
hM19C	5-FU	0.664351361125758
hM19C	Oxaliplatin	0.932190572579571
hM19D	Gemcitabine	0.695295237887429
hM19D	Paclitaxel	0.618304940451284
hM19D	SN-38	0.579386986584083
hM19D	5-FU	0.603036385305844
hM1A	Gemcitabine	0.592712790962263
hM1A	Paclitaxel	0.550083987499897
hM1A	SN-38	0.576917326429405
hM1A	5-FU	0.642082680578194
hM1A	Oxaliplatin	0.803348417089663
hM1E	Gemcitabine	0.690173682104883
hM1E	Paclitaxel	0.713733557838307
hM1E	SN-38	0.639012777475703
hM1E	5-FU	0.686691142111319
hM1E	Oxaliplatin	0.771785841786087
hM1F	Gemcitabine	0.720378558343355
hM1F	Paclitaxel	0.69825852106106
hM1F	SN-38	0.695786567188047
hM1F	5-FU	0.838378629718275
hM1F	Oxaliplatin	0.853609207595632
hM21C	Gemcitabine	0.625028764684969
hM21C	Paclitaxel	0.583975958309521
hM21C	SN-38	0.603933195563621
hM21C	5-FU	0.810265065644644
hM21C	Oxaliplatin	0.90110481122593
hM21D	Gemcitabine	0.674628569053527
hM21D	Paclitaxel	0.597612107448127
hM21D	SN-38	0.637829184405135
hM21D	5-FU	0.754216457584268
hM21D	Oxaliplatin	0.838390970163131
hM21F	Gemcitabine	0.676250045006123
hM21F	Paclitaxel	0.572702615610239
hM21F	SN-38	0.633330213717339
hM21F	5-FU	0.78767095263235
hM21F	Oxaliplatin	0.870469585121025
hM8	Gemcitabine	0.657654181481545
hM8	Paclitaxel	0.625547143137584
hM8	SN-38	0.64099021473737
hM8	5-FU	0.854681917974048
hM8	Oxaliplatin	0.798032213106161
hT1	Gemcitabine	0.588719522915552
hT1	Paclitaxel	0.566014549158816
hT1	SN-38	0.582218105433728
hT1	5-FU	0.669661123914124
hT1	Oxaliplatin	0.893993657438207
hT101	Gemcitabine	0.622139911033597
hT101	Paclitaxel	0.574766928695578
hT101	SN-38	0.544952766929185
hT101	5-FU	0.652692407388001
hT101	Oxaliplatin	0.863402211080896
hT102	Gemcitabine	0.540938551880697
hT102	Paclitaxel	0.559748324981367
hT102	SN-38	0.550411338125837
hT102	5-FU	0.849643843419412
hT102	Oxaliplatin	0.740139041815617
hT103	Gemcitabine	0.645163424348444
hT103	Paclitaxel	0.633493801438608
hT103	SN-38	0.679608193006254
hT103	5-FU	0.941135314393602
hT103	Oxaliplatin	0.846650866558312
hT105	Gemcitabine	0.621641819757187
hT105	Paclitaxel	0.521298520363033
hT105	SN-38	0.571777789257588
hT105	5-FU	0.802783647038775
hT105	Oxaliplatin	0.783309514858711
hT106	Gemcitabine	0.7044312961379
hT106	Paclitaxel	0.678700853484761
hT106	SN-38	0.734786834289122
hT106	5-FU	0.956048965967013
hT106	Oxaliplatin	0.947495816230799
hT108	Gemcitabine	0.519991175527442
hT108	Paclitaxel	0.546583788884228
hT108	SN-38	0.495610082544641
hT108	5-FU	0.747064885773049
hT108	Oxaliplatin	0.772769453693438
hT117	Gemcitabine	0.639797042147711
hT117	Paclitaxel	0.587230047741967
hT117	SN-38	0.553835529403485
hT117	5-FU	0.596132354864651
hT117	Oxaliplatin	0.918873393663354
hT123	Gemcitabine	0.593327155525094
hT123	Paclitaxel	0.600121560850714
hT123	SN-38	0.569376994583404
hT123	5-FU	0.859449006295446
hT123	Oxaliplatin	0.852863220306078
hT125	Gemcitabine	0.569391377890404
hT125	Paclitaxel	0.610244595249389
hT125	SN-38	0.580582840013425
hT125	5-FU	0.844839065253448
hT125	Oxaliplatin	0.759237365097716
hT127	Gemcitabine	0.735587255729813
hT127	Paclitaxel	0.679923158888876
hT127	SN-38	0.580242280182591
hT127	Oxaliplatin	0.916686777153756
hT133	Gemcitabine	0.713452625122274
hT133	Paclitaxel	0.657818257373342
hT133	SN-38	0.639908665373825
hT133	5-FU	0.880542388085151
hT134	Gemcitabine	0.601980310044009
hT134	Paclitaxel	0.577399002061138
hT134	SN-38	0.563545755375436
hT134	5-FU	0.81817609161115
hT134	Oxaliplatin	0.937675286766879
hT25	Gemcitabine	0.647762685751393
hT25	Paclitaxel	0.589990231049367
hT25	SN-38	0.638092269711513
hT25	5-FU	0.902030480064244
hT25	Oxaliplatin	0.90812349535682
hT3	Gemcitabine	0.654314963569474
hT3	Paclitaxel	0.513628125616786
hT3	SN-38	0.566396617742363
hT3	5-FU	0.662198629740671
hT3	Oxaliplatin	0.751255819289478
hT30	Gemcitabine	0.712310541552078
hT30	Paclitaxel	0.659001872229777
hT30	SN-38	0.596768579402154
hT30	5-FU	0.885001818299745
hT30	Oxaliplatin	0.908552680504005
hT44	Gemcitabine	0.577395339035813
hT44	Paclitaxel	0.582111828406383
hT44	SN-38	0.552772934049987
hT44	Oxaliplatin	0.782473877372887
hT48	Gemcitabine	0.61591045142383
hT48	Paclitaxel	0.567581303108921
hT48	SN-38	0.565585958257619
hT48	5-FU	0.775076280390621
hT48	Oxaliplatin	0.796189851947357
hT58	Gemcitabine	0.790584762470678
hT58	Paclitaxel	0.828977810280969
hT58	SN-38	0.816339605360449
hT58	5-FU	0.883744856358991
hT58	Oxaliplatin	0.852930431655851
hT60	Gemcitabine	0.618361071441562
hT60	Paclitaxel	0.596346112851214
hT60	SN-38	0.537423692294305
hT60	5-FU	0.804181909432261
hT60	Oxaliplatin	0.922189352709289
hT64	Gemcitabine	0.642793721193444
hT64	Paclitaxel	0.557562040465318
hT64	SN-38	0.589140061108025
hT64	5-FU	0.709887314239006
hT64	Oxaliplatin	0.719792978556462
hT81	Gemcitabine	0.767009549984199
hT81	Paclitaxel	0.723151684103685
hT81	SN-38	0.636391230283663
hT81	5-FU	0.784307940741898
hT81	Oxaliplatin	0.9282312379381
hT82	Gemcitabine	0.59799158012915
hT82	Paclitaxel	0.735317578286309
hT82	SN-38	0.59412383431172
hT82	5-FU	0.642611017614718
hT82	Oxaliplatin	0.879899312331813
hT83	Gemcitabine	0.691586419802135
hT83	Paclitaxel	0.635906900538984
hT83	SN-38	0.636141982614383
hT83	5-FU	0.840244159376363
hT83	Oxaliplatin	0.895986099973014
hT85	Gemcitabine	0.543208787506099
hT85	Paclitaxel	0.577296966195101
hT85	SN-38	0.530490042307849
hT85	5-FU	0.618314997411088
hT85	Oxaliplatin	0.778844482809571
hT87	Gemcitabine	0.613192361980364
hT87	Paclitaxel	0.665243878861031
hT87	SN-38	0.563604262724755
hT87	5-FU	0.789533303805353
hT87	Oxaliplatin	0.771563257173929
hT89	Gemcitabine	0.764545513420928
hT89	Paclitaxel	0.731248436393684
hT89	SN-38	0.698374958677436
hT89	5-FU	0.926354779610838
hT89	Oxaliplatin	0.874660972353675
hT91	Gemcitabine	0.721780015750534
hT91	Paclitaxel	0.572301296313577
hT91	SN-38	0.563889849811418
hT91	5-FU	0.744877786317627
hT91	Oxaliplatin	0.916980167210752
hT93	Gemcitabine	0.695868226714174
hT93	Paclitaxel	0.562310644553927
hT93	SN-38	0.610278001123291
hT93	5-FU	0.86682099886442
hT93	Oxaliplatin	0.855662050865468
hT98	Gemcitabine	0.594688138585888
hT98	Paclitaxel	0.541733365394405
hT98	SN-38	0.527709078741397
hT98	5-FU	0.86175247419331
hT98	Oxaliplatin	0.826729655428511
hF2	Selumetinib	0.728
hF2	Afatinib	0.772
hF2	Bortezomib	0.25
hF2	Lapatinib	0.75
hF2	Sunitinib	0.74
hF2	Olaparib	0.716
hF2	Nutlin-3	0.8
hF2	MK-2206	0.756
hF2	KU-55933	0.812
hF2	Everolimus	0.83
hF2	Celecoxib	0.874
hF2	Ruxolitinib	0.86
hF2	SGI-1776	0.788
hF2	OSI-420	0.806
hF2	TPCA-1	0.784
hF2	LY2874455	0.654
hF2	SF1670	0.734
hF2	K-ras(G12C) Inhibitor 9	0.824
hF2	WIKI4	0.698
hF2	Disulfuram	0.538
hF23	Selumetinib	0.692
hF23	Afatinib	0.548
hF23	Bortezomib	0.232
hF23	Lapatinib	0.762
hF23	Sunitinib	0.814
hF23	Olaparib	0.856
hF23	Nutlin-3	0.928
hF23	MK-2206	0.752
hF23	KU-55933	0.876
hF23	Everolimus	0.728
hF23	Celecoxib	0.928
hF23	Ruxolitinib	0.848
hF23	SGI-1776	0.844
hF23	OSI-420	0.7
hF23	TPCA-1	0.764
hF23	LY2874455	0.63
hF23	SF1670	0.776
hF23	K-ras(G12C) Inhibitor 9	0.85
hF23	WIKI4	0.838
hF23	Disulfuram	0.516
hF24	Selumetinib	0.758
hF24	Afatinib	0.632
hF24	Bortezomib	0.238
hF24	Lapatinib	0.862
hF24	Sunitinib	0.916
hF24	Olaparib	0.854
hF24	Nutlin-3	0.91
hF24	MK-2206	0.78
hF24	KU-55933	0.842
hF24	Everolimus	0.636
hF24	Celecoxib	0.846
hF24	Ruxolitinib	0.9
hF24	SGI-1776	0.862
hF24	OSI-420	0.798
hF24	TPCA-1	0.838
hF24	LY2874455	0.678
hF24	SF1670	0.854
hF24	K-ras(G12C) Inhibitor 9	0.83
hF24	WIKI4	0.858
hF24	Disulfuram	0.578
hF27	Selumetinib	0.816
hF27	Afatinib	0.828
hF27	Bortezomib	0.274
hF27	Lapatinib	0.816
hF27	Sunitinib	0.78
hF27	Olaparib	0.854
hF27	Nutlin-3	0.872
hF27	MK-2206	0.798
hF27	KU-55933	0.786
hF27	Everolimus	0.764
hF27	Celecoxib	0.798
hF27	Ruxolitinib	0.862
hF27	SGI-1776	0.854
hF27	OSI-420	0.794
hF27	TPCA-1	0.74
hF27	LY2874455	0.722
hF27	SF1670	0.696
hF27	K-ras(G12C) Inhibitor 9	0.818
hF27	WIKI4	0.798
hF27	Disulfuram	0.572
hF28	Selumetinib	0.7
hF28	Afatinib	0.668
hF28	Bortezomib	0.236
hF28	Lapatinib	0.842
hF28	Sunitinib	0.844
hF28	Olaparib	0.838
hF28	Nutlin-3	0.856
hF28	MK-2206	0.768
hF28	KU-55933	0.866
hF28	Everolimus	0.75
hF28	Celecoxib	0.89
hF28	Ruxolitinib	0.886
hF28	SGI-1776	0.794
hF28	OSI-420	0.838
hF28	TPCA-1	0.824
hF28	LY2874455	0.57
hF28	SF1670	0.766
hF28	K-ras(G12C) Inhibitor 9	0.826
hF28	WIKI4	0.818
hF28	Disulfuram	0.47
hF3	Selumetinib	0.74
hF3	Afatinib	0.586
hF3	Bortezomib	0.25
hF3	Lapatinib	0.766
hF3	Sunitinib	0.82
hF3	Olaparib	0.89
hF3	Nutlin-3	0.844
hF3	MK-2206	0.812
hF3	KU-55933	0.868
hF3	Everolimus	0.806
hF3	Celecoxib	0.918
hF3	Ruxolitinib	0.89
hF3	SGI-1776	0.892
hF3	OSI-420	0.796
hF3	TPCA-1	0.858
hF3	LY2874455	0.678
hF3	SF1670	0.852
hF3	K-ras(G12C) Inhibitor 9	0.848
hF3	WIKI4	0.766
hF3	Disulfuram	0.558
hF31	Selumetinib	0.822
hF31	Afatinib	0.606
hF31	Bortezomib	0.262
hF31	Lapatinib	0.818
hF31	Sunitinib	0.808
hF31	Olaparib	0.908
hF31	Nutlin-3	0.838
hF31	MK-2206	0.808
hF31	KU-55933	0.84
hF31	Everolimus	0.712
hF31	Celecoxib	0.878
hF31	Ruxolitinib	0.9
hF31	SGI-1776	0.872
hF31	OSI-420	0.796
hF31	TPCA-1	0.814
hF31	LY2874455	0.644
hF31	SF1670	0.84
hF31	K-ras(G12C) Inhibitor 9	0.788
hF31	WIKI4	0.796
hF31	Disulfuram	0.51
hF32	Selumetinib	0.774
hF32	Afatinib	0.666
hF32	Bortezomib	0.342
hF32	Lapatinib	0.806
hF32	Sunitinib	0.832
hF32	Olaparib	0.912
hF32	Nutlin-3	0.774
hF32	MK-2206	0.79
hF32	KU-55933	0.802
hF32	Everolimus	0.74
hF32	Celecoxib	0.88
hF32	Ruxolitinib	0.838
hF32	SGI-1776	0.836
hF32	OSI-420	0.798
hF32	TPCA-1	0.802
hF32	LY2874455	0.64
hF32	SF1670	0.77
hF32	K-ras(G12C) Inhibitor 9	0.808
hF32	WIKI4	0.74
hF32	Disulfuram	0.546
hF39	Selumetinib	0.876
hF39	Afatinib	0.698
hF39	Bortezomib	0.304
hF39	Lapatinib	0.9
hF39	Sunitinib	0.876
hF39	Olaparib	0.87
hF39	Nutlin-3	0.894
hF39	MK-2206	0.792
hF39	KU-55933	0.874
hF39	Everolimus	0.81
hF39	Celecoxib	0.886
hF39	Ruxolitinib	0.77
hF39	SGI-1776	0.88
hF39	OSI-420	0.892
hF39	TPCA-1	0.878
hF39	LY2874455	0.686
hF39	SF1670	0.814
hF39	K-ras(G12C) Inhibitor 9	0.936
hF39	WIKI4	0.858
hF39	Disulfuram	0.562
hF43	Selumetinib	0.774
hF43	Afatinib	0.81
hF43	Bortezomib	0.278
hF43	Lapatinib	0.876
hF43	Sunitinib	0.798
hF43	Olaparib	0.93
hF43	Nutlin-3	0.858
hF43	MK-2206	0.714
hF43	KU-55933	0.852
hF43	Everolimus	0.634
hF43	Celecoxib	0.862
hF43	Ruxolitinib	0.908
hF43	SGI-1776	0.786
hF43	OSI-420	0.864
hF43	TPCA-1	0.894
hF43	LY2874455	0.676
hF43	SF1670	0.754
hF43	K-ras(G12C) Inhibitor 9	0.848
hF43	WIKI4	0.878
hF43	Disulfuram	0.53
hF44	Selumetinib	0.724
hF44	Afatinib	0.77
hF44	Bortezomib	0.24
hF44	Lapatinib	0.804
hF44	Sunitinib	0.79
hF44	Olaparib	0.83
hF44	Nutlin-3	0.85
hF44	MK-2206	0.726
hF44	KU-55933	0.858
hF44	Everolimus	0.614
hF44	Celecoxib	0.784
hF44	Ruxolitinib	0.856
hF44	SGI-1776	0.78
hF44	OSI-420	0.804
hF44	TPCA-1	0.87
hF44	LY2874455	0.682
hF44	SF1670	0.782
hF44	K-ras(G12C) Inhibitor 9	0.79
hF44	WIKI4	0.816
hF44	Disulfuram	0.544
hF45	Selumetinib	0.814
hF45	Afatinib	0.698
hF45	Bortezomib	0.256
hF45	Lapatinib	0.742
hF45	Sunitinib	0.8
hF45	Olaparib	0.816
hF45	Nutlin-3	0.856
hF45	MK-2206	0.764
hF45	KU-55933	0.872
hF45	Everolimus	0.864
hF45	Celecoxib	0.86
hF45	Ruxolitinib	0.82
hF45	SGI-1776	0.77
hF45	OSI-420	0.828
hF45	TPCA-1	0.812
hF45	LY2874455	0.698
hF45	SF1670	0.794
hF45	K-ras(G12C) Inhibitor 9	0.792
hF45	WIKI4	0.846
hF45	Disulfuram	0.554
hF50	Selumetinib	0.906
hF50	Afatinib	0.668
hF50	Bortezomib	0.304
hF50	Lapatinib	0.648
hF50	Sunitinib	0.736
hF50	Olaparib	0.802
hF50	Nutlin-3	0.716
hF50	MK-2206	0.698
hF50	KU-55933	0.658
hF50	Everolimus	0.696
hF50	Celecoxib	0.898
hF50	Ruxolitinib	0.834
hF50	SGI-1776	0.73
hF50	OSI-420	0.842
hF50	TPCA-1	0.768
hF50	LY2874455	0.76
hF50	SF1670	0.74
hF50	K-ras(G12C) Inhibitor 9	0.79
hF50	WIKI4	0.758
hF50	Disulfuram	0.566
hF54	Selumetinib	0.576
hF54	Afatinib	0.55
hF54	Bortezomib	0.266
hF54	Lapatinib	0.776
hF54	Sunitinib	0.828
hF54	Olaparib	0.858
hF54	Nutlin-3	0.894
hF54	MK-2206	0.89
hF54	KU-55933	0.918
hF54	Everolimus	0.796
hF54	Celecoxib	0.908
hF54	Ruxolitinib	0.896
hF54	SGI-1776	0.842
hF54	OSI-420	0.764
hF54	TPCA-1	0.822
hF54	LY2874455	0.684
hF54	SF1670	0.796
hF54	K-ras(G12C) Inhibitor 9	0.908
hF54	WIKI4	0.902
hF54	Disulfuram	0.498
hF57	Selumetinib	0.712
hF57	Afatinib	0.642
hF57	Bortezomib	0.264
hF57	Lapatinib	0.744
hF57	Sunitinib	0.712
hF57	Olaparib	0.794
hF57	Nutlin-3	0.826
hF57	MK-2206	0.774
hF57	KU-55933	0.81
hF57	Everolimus	0.816
hF57	Celecoxib	0.896
hF57	Ruxolitinib	0.782
hF57	SGI-1776	0.85
hF57	OSI-420	0.676
hF57	TPCA-1	0.778
hF57	LY2874455	0.638
hF57	SF1670	0.826
hF57	K-ras(G12C) Inhibitor 9	0.682
hF57	WIKI4	0.816
hF57	Disulfuram	0.674
hF68	Selumetinib	0.81
hF68	Afatinib	0.776
hF68	Bortezomib	0.274
hF68	Lapatinib	0.788
hF68	Sunitinib	0.858
hF68	Olaparib	0.808
hF68	Nutlin-3	0.858
hF68	MK-2206	0.696
hF68	KU-55933	0.804
hF68	Everolimus	0.79
hF68	Celecoxib	0.788
hF68	Ruxolitinib	0.802
hF68	SGI-1776	0.796
hF68	OSI-420	0.71
hF68	TPCA-1	0.798
hF68	LY2874455	0.772
hF68	SF1670	0.816
hF68	K-ras(G12C) Inhibitor 9	0.872
hF68	WIKI4	0.746
hF68	Disulfuram	0.536
hF70	Selumetinib	0.802
hF70	Afatinib	0.844
hF70	Bortezomib	0.274
hF70	Lapatinib	0.796
hF70	Sunitinib	0.804
hF70	Olaparib	0.866
hF70	Nutlin-3	0.88
hF70	MK-2206	0.792
hF70	KU-55933	0.83
hF70	Everolimus	0.724
hF70	Celecoxib	0.746
hF70	Ruxolitinib	0.888
hF70	SGI-1776	0.798
hF70	OSI-420	0.826
hF70	TPCA-1	0.882
hF70	LY2874455	0.764
hF70	SF1670	0.798
hF70	K-ras(G12C) Inhibitor 9	0.832
hF70	WIKI4	0.882
hF70	Disulfuram	0.564
hF71	Selumetinib	0.856
hF71	Afatinib	0.768
hF71	Bortezomib	0.298
hF71	Lapatinib	0.776
hF71	Sunitinib	0.888
hF71	Olaparib	0.89
hF71	Nutlin-3	0.85
hF71	MK-2206	0.878
hF71	KU-55933	0.878
hF71	Everolimus	0.81
hF71	Celecoxib	0.85
hF71	Ruxolitinib	0.87
hF71	SGI-1776	0.846
hF71	OSI-420	0.83
hF71	TPCA-1	0.91
hF71	LY2874455	0.8
hF71	SF1670	0.8
hF71	K-ras(G12C) Inhibitor 9	0.83
hF71	WIKI4	0.88
hF71	Disulfuram	0.57
hF72	Selumetinib	0.826
hF72	Afatinib	0.782
hF72	Bortezomib	0.238
hF72	Lapatinib	0.792
hF72	Sunitinib	0.852
hF72	Olaparib	0.756
hF72	Nutlin-3	0.892
hF72	MK-2206	0.794
hF72	KU-55933	0.762
hF72	Everolimus	0.838
hF72	Celecoxib	0.83
hF72	Ruxolitinib	0.762
hF72	SGI-1776	0.758
hF72	OSI-420	0.66
hF72	TPCA-1	0.846
hF72	LY2874455	0.65
hF72	SF1670	0.8
hF72	K-ras(G12C) Inhibitor 9	0.848
hF72	WIKI4	0.916
hF72	Disulfuram	0.56
hF74 	Selumetinib	0.786
hF74 	Afatinib	0.696
hF74 	Bortezomib	0.236
hF74 	Lapatinib	0.882
hF74 	Sunitinib	0.838
hF74 	Olaparib	0.876
hF74 	Nutlin-3	0.71
hF74 	MK-2206	0.87
hF74 	KU-55933	0.828
hF74 	Everolimus	0.832
hF74 	Celecoxib	0.906
hF74 	Ruxolitinib	0.844
hF74 	SGI-1776	0.87
hF74 	OSI-420	0.74
hF74 	TPCA-1	0.886
hF74 	LY2874455	0.69
hF74 	SF1670	0.826
hF74 	K-ras(G12C) Inhibitor 9	0.83
hF74 	WIKI4	0.904
hF74 	Disulfuram	0.554
hF77	Selumetinib	0.786
hF77	Afatinib	0.722
hF77	Bortezomib	0.264
hF77	Lapatinib	0.856
hF77	Sunitinib	0.858
hF77	Olaparib	0.834
hF77	Nutlin-3	0.816
hF77	MK-2206	0.796
hF77	KU-55933	0.826
hF77	Everolimus	0.894
hF77	Celecoxib	0.84
hF77	Ruxolitinib	0.9
hF77	SGI-1776	0.768
hF77	OSI-420	0.824
hF77	TPCA-1	0.84
hF77	LY2874455	0.662
hF77	SF1670	0.894
hF77	K-ras(G12C) Inhibitor 9	0.816
hF77	WIKI4	0.746
hF77	Disulfuram	0.534
hF78	Selumetinib	0.856
hF78	Afatinib	0.68
hF78	Bortezomib	0.276
hF78	Lapatinib	0.822
hF78	Sunitinib	0.904
hF78	Olaparib	0.922
hF78	Nutlin-3	0.92
hF78	MK-2206	0.868
hF78	KU-55933	0.87
hF78	Everolimus	0.806
hF78	Celecoxib	0.832
hF78	Ruxolitinib	0.89
hF78	SGI-1776	0.886
hF78	OSI-420	0.82
hF78	TPCA-1	0.928
hF78	LY2874455	0.738
hF78	SF1670	0.86
hF78	K-ras(G12C) Inhibitor 9	0.864
hF78	WIKI4	0.91
hF78	Disulfuram	0.56
hF81	Selumetinib	0.55
hF81	Afatinib	0.662
hF81	Bortezomib	0.246
hF81	Lapatinib	0.704
hF81	Sunitinib	0.76
hF81	Olaparib	0.758
hF81	Nutlin-3	0.814
hF81	MK-2206	0.644
hF81	KU-55933	0.82
hF81	Everolimus	0.866
hF81	Celecoxib	0.866
hF81	Ruxolitinib	0.79
hF81	SGI-1776	0.726
hF81	OSI-420	0.69
hF81	TPCA-1	0.812
hF81	LY2874455	0.652
hF81	SF1670	0.776
hF81	K-ras(G12C) Inhibitor 9	0.686
hF81	WIKI4	0.646
hF81	Disulfuram	0.434
hF82	Selumetinib	0.79
hF82	Afatinib	0.806
hF82	Bortezomib	0.372
hF82	Lapatinib	0.862
hF82	Sunitinib	0.896
hF82	Olaparib	0.872
hF82	Nutlin-3	0.86
hF82	MK-2206	0.844
hF82	KU-55933	0.856
hF82	Everolimus	0.766
hF82	Celecoxib	0.83
hF82	Ruxolitinib	0.798
hF82	SGI-1776	0.804
hF82	OSI-420	0.834
hF82	TPCA-1	0.89
hF82	LY2874455	0.66
hF82	SF1670	0.794
hF82	K-ras(G12C) Inhibitor 9	0.838
hF82	WIKI4	0.82
hF82	Disulfuram	0.558
hM17D	Selumetinib	0.77
hM17D	Afatinib	0.792
hM17D	Bortezomib	0.31
hM17D	Lapatinib	0.828
hM17D	Sunitinib	0.79
hM17D	Olaparib	0.8
hM17D	Nutlin-3	0.868
hM17D	MK-2206	0.786
hM17D	KU-55933	0.864
hM17D	Everolimus	0.728
hM17D	Celecoxib	0.856
hM17D	Ruxolitinib	0.862
hM17D	SGI-1776	0.682
hM17D	OSI-420	0.852
hM17D	TPCA-1	0.81
hM17D	LY2874455	0.728
hM17D	SF1670	0.772
hM17D	K-ras(G12C) Inhibitor 9	0.8
hM17D	WIKI4	0.756
hM17D	Disulfuram	0.576
hM19A	Selumetinib	0.812
hM19A	Afatinib	0.766
hM19A	Bortezomib	0.256
hM19A	Lapatinib	0.852
hM19A	Sunitinib	0.876
hM19A	Olaparib	0.81
hM19A	Nutlin-3	0.908
hM19A	MK-2206	0.852
hM19A	KU-55933	0.944
hM19A	Everolimus	0.792
hM19A	Celecoxib	0.894
hM19A	Ruxolitinib	0.904
hM19A	SGI-1776	0.836
hM19A	OSI-420	0.862
hM19A	TPCA-1	0.832
hM19A	LY2874455	0.722
hM19A	SF1670	0.866
hM19A	K-ras(G12C) Inhibitor 9	0.86
hM19A	WIKI4	0.848
hM19A	Disulfuram	0.532
hM19B	Selumetinib	0.862
hM19B	Afatinib	0.86
hM19B	Bortezomib	0.262
hM19B	Lapatinib	0.88
hM19B	Sunitinib	0.896
hM19B	Olaparib	0.898
hM19B	Nutlin-3	0.96
hM19B	MK-2206	0.874
hM19B	KU-55933	0.916
hM19B	Everolimus	0.748
hM19B	Celecoxib	0.928
hM19B	Ruxolitinib	0.92
hM19B	SGI-1776	0.884
hM19B	OSI-420	0.898
hM19B	TPCA-1	0.886
hM19B	LY2874455	0.81
hM19B	SF1670	0.826
hM19B	K-ras(G12C) Inhibitor 9	0.92
hM19B	WIKI4	0.882
hM19B	Disulfuram	0.544
hM19C	Selumetinib	0.836
hM19C	Afatinib	0.792
hM19C	Bortezomib	0.264
hM19C	Lapatinib	0.828
hM19C	Sunitinib	0.868
hM19C	Olaparib	0.88
hM19C	Nutlin-3	0.906
hM19C	MK-2206	0.766
hM19C	KU-55933	0.896
hM19C	Everolimus	0.678
hM19C	Celecoxib	0.848
hM19C	Ruxolitinib	0.906
hM19C	SGI-1776	0.866
hM19C	OSI-420	0.832
hM19C	TPCA-1	0.904
hM19C	LY2874455	0.81
hM19C	SF1670	0.734
hM19C	K-ras(G12C) Inhibitor 9	0.824
hM19C	WIKI4	0.836
hM19C	Disulfuram	0.604
hM19D	Selumetinib	0.83
hM19D	Afatinib	0.816
hM19D	Bortezomib	0.264
hM19D	Lapatinib	0.716
hM19D	Sunitinib	0.742
hM19D	Olaparib	0.778
hM19D	Nutlin-3	0.826
hM19D	MK-2206	0.718
hM19D	KU-55933	0.88
hM19D	Everolimus	0.88
hM19D	Celecoxib	0.786
hM19D	Ruxolitinib	0.824
hM19D	SGI-1776	0.73
hM19D	OSI-420	0.798
hM19D	TPCA-1	0.742
hM19D	LY2874455	0.576
hM19D	SF1670	0.72
hM19D	K-ras(G12C) Inhibitor 9	0.82
hM19D	WIKI4	0.806
hM19D	Disulfuram	0.618
hM1A	Selumetinib	0.802
hM1A	Afatinib	0.778
hM1A	Bortezomib	0.262
hM1A	Lapatinib	0.764
hM1A	Sunitinib	0.878
hM1A	Olaparib	0.838
hM1A	Nutlin-3	0.858
hM1A	MK-2206	0.728
hM1A	KU-55933	0.906
hM1A	Everolimus	0.788
hM1A	Celecoxib	0.894
hM1A	Ruxolitinib	0.904
hM1A	SGI-1776	0.878
hM1A	OSI-420	0.764
hM1A	TPCA-1	0.822
hM1A	LY2874455	0.77
hM1A	SF1670	0.844
hM1A	K-ras(G12C) Inhibitor 9	0.808
hM1A	WIKI4	0.776
hM1A	Disulfuram	0.518
hM1E	Selumetinib	0.768
hM1E	Afatinib	0.656
hM1E	Bortezomib	0.29
hM1E	Lapatinib	0.776
hM1E	Sunitinib	0.818
hM1E	Olaparib	0.86
hM1E	Nutlin-3	0.84
hM1E	MK-2206	0.85
hM1E	KU-55933	0.872
hM1E	Everolimus	0.668
hM1E	Celecoxib	0.91
hM1E	Ruxolitinib	0.89
hM1E	SGI-1776	0.802
hM1E	OSI-420	0.772
hM1E	TPCA-1	0.794
hM1E	LY2874455	0.632
hM1E	SF1670	0.834
hM1E	K-ras(G12C) Inhibitor 9	0.83
hM1E	WIKI4	0.88
hM1E	Disulfuram	0.49
hM1F	Selumetinib	0.786
hM1F	Afatinib	0.686
hM1F	Bortezomib	0.436
hM1F	Lapatinib	0.816
hM1F	Sunitinib	0.838
hM1F	Olaparib	0.864
hM1F	Nutlin-3	0.922
hM1F	MK-2206	0.87
hM1F	KU-55933	0.908
hM1F	Everolimus	0.64
hM1F	Celecoxib	0.868
hM1F	Ruxolitinib	0.872
hM1F	SGI-1776	0.806
hM1F	OSI-420	0.88
hM1F	TPCA-1	0.842
hM1F	LY2874455	0.696
hM1F	SF1670	0.864
hM1F	K-ras(G12C) Inhibitor 9	0.874
hM1F	WIKI4	0.91
hM1F	Disulfuram	0.542
hM21C	Selumetinib	0.836
hM21C	Afatinib	0.672
hM21C	Bortezomib	0.248
hM21C	Lapatinib	0.842
hM21C	Sunitinib	0.754
hM21C	Olaparib	0.766
hM21C	Nutlin-3	0.908
hM21C	MK-2206	0.882
hM21C	KU-55933	0.902
hM21C	Everolimus	0.844
hM21C	Celecoxib	0.884
hM21C	Ruxolitinib	0.884
hM21C	SGI-1776	0.778
hM21C	OSI-420	0.732
hM21C	TPCA-1	0.802
hM21C	LY2874455	0.76
hM21C	SF1670	0.748
hM21C	K-ras(G12C) Inhibitor 9	0.828
hM21C	WIKI4	0.852
hM21C	Disulfuram	0.538
hM21D	Selumetinib	0.786
hM21D	Afatinib	0.64
hM21D	Bortezomib	0.29
hM21D	Lapatinib	0.804
hM21D	Sunitinib	0.8
hM21D	Olaparib	0.936
hM21D	Nutlin-3	0.918
hM21D	MK-2206	0.85
hM21D	KU-55933	0.828
hM21D	Everolimus	0.864
hM21D	Celecoxib	0.834
hM21D	Ruxolitinib	0.86
hM21D	SGI-1776	0.822
hM21D	OSI-420	0.8
hM21D	TPCA-1	0.836
hM21D	LY2874455	0.746
hM21D	SF1670	0.832
hM21D	K-ras(G12C) Inhibitor 9	0.852
hM21D	WIKI4	0.878
hM21D	Disulfuram	0.5
hM21F	Selumetinib	0.8
hM21F	Afatinib	0.516
hM21F	Bortezomib	0.256
hM21F	Lapatinib	0.79
hM21F	Sunitinib	0.824
hM21F	Olaparib	0.88
hM21F	Nutlin-3	0.922
hM21F	MK-2206	0.794
hM21F	KU-55933	0.894
hM21F	Everolimus	0.706
hM21F	Celecoxib	0.852
hM21F	Ruxolitinib	0.854
hM21F	SGI-1776	0.848
hM21F	OSI-420	0.716
hM21F	TPCA-1	0.814
hM21F	LY2874455	0.724
hM21F	SF1670	0.842
hM21F	K-ras(G12C) Inhibitor 9	0.872
hM21F	WIKI4	0.83
hM21F	Disulfuram	0.554
hM8	Selumetinib	0.772
hM8	Afatinib	0.67
hM8	Bortezomib	0.262
hM8	Lapatinib	0.84
hM8	Sunitinib	0.756
hM8	Olaparib	0.91
hM8	Nutlin-3	0.818
hM8	MK-2206	0.77
hM8	KU-55933	0.844
hM8	Everolimus	0.77
hM8	Celecoxib	0.834
hM8	Ruxolitinib	0.88
hM8	SGI-1776	0.752
hM8	OSI-420	0.79
hM8	TPCA-1	0.82
hM8	LY2874455	0.668
hM8	SF1670	0.862
hM8	K-ras(G12C) Inhibitor 9	0.874
hM8	WIKI4	0.808
hM8	Disulfuram	0.55
hT1	Selumetinib	0.802
hT1	Afatinib	0.75
hT1	Bortezomib	0.252
hT1	Lapatinib	0.814
hT1	Sunitinib	0.862
hT1	Olaparib	0.868
hT1	Nutlin-3	0.842
hT1	MK-2206	0.79
hT1	KU-55933	0.786
hT1	Everolimus	0.728
hT1	Celecoxib	0.896
hT1	Ruxolitinib	0.868
hT1	SGI-1776	0.78
hT1	OSI-420	0.776
hT1	TPCA-1	0.8
hT1	LY2874455	0.546
hT1	SF1670	0.594
hT1	K-ras(G12C) Inhibitor 9	0.708
hT1	WIKI4	0.786
hT1	Disulfuram	0.516
hT101	Selumetinib	0.79
hT101	Afatinib	0.73
hT101	Bortezomib	0.232
hT101	Lapatinib	0.834
hT101	Sunitinib	0.832
hT101	Olaparib	0.82
hT101	Nutlin-3	0.72
hT101	MK-2206	0.884
hT101	KU-55933	0.812
hT101	Everolimus	0.732
hT101	Celecoxib	0.722
hT101	Ruxolitinib	0.724
hT101	SGI-1776	0.804
hT101	OSI-420	0.744
hT101	TPCA-1	0.872
hT101	LY2874455	0.546
hT101	SF1670	0.678
hT101	K-ras(G12C) Inhibitor 9	0.654
hT101	WIKI4	0.644
hT101	Disulfuram	0.516
hT102	Selumetinib	0.816
hT102	Afatinib	0.52
hT102	Bortezomib	0.234
hT102	Lapatinib	0.72
hT102	Sunitinib	0.816
hT102	Olaparib	0.874
hT102	Nutlin-3	0.842
hT102	MK-2206	0.79
hT102	KU-55933	0.88
hT102	Everolimus	0.744
hT102	Celecoxib	0.902
hT102	Ruxolitinib	0.87
hT102	SGI-1776	0.872
hT102	OSI-420	0.746
hT102	TPCA-1	0.816
hT102	LY2874455	0.674
hT102	SF1670	0.876
hT102	K-ras(G12C) Inhibitor 9	0.868
hT102	WIKI4	0.776
hT102	Disulfuram	0.498
hT103	Selumetinib	0.858
hT103	Afatinib	0.852
hT103	Bortezomib	0.26
hT103	Lapatinib	0.788
hT103	Sunitinib	0.8
hT103	Olaparib	0.772
hT103	Nutlin-3	0.916
hT103	MK-2206	0.814
hT103	KU-55933	0.862
hT103	Everolimus	0.94
hT103	Celecoxib	0.796
hT103	Ruxolitinib	0.794
hT103	SGI-1776	0.78
hT103	OSI-420	0.866
hT103	TPCA-1	0.802
hT103	LY2874455	0.706
hT103	SF1670	0.69
hT103	K-ras(G12C) Inhibitor 9	0.706
hT103	WIKI4	0.778
hT103	Disulfuram	0.526
hT105	Selumetinib	0.662
hT105	Afatinib	0.558
hT105	Bortezomib	0.262
hT105	Lapatinib	0.762
hT105	Sunitinib	0.75
hT105	Olaparib	0.764
hT105	Nutlin-3	0.884
hT105	MK-2206	0.822
hT105	KU-55933	0.804
hT105	Everolimus	0.558
hT105	Celecoxib	0.808
hT105	Ruxolitinib	0.806
hT105	SGI-1776	0.902
hT105	OSI-420	0.756
hT105	TPCA-1	0.826
hT105	LY2874455	0.582
hT105	SF1670	0.76
hT105	K-ras(G12C) Inhibitor 9	0.836
hT105	WIKI4	0.84
hT105	Disulfuram	0.506
hT106	Selumetinib	0.692
hT106	Afatinib	0.656
hT106	Bortezomib	0.254
hT106	Lapatinib	0.842
hT106	Sunitinib	0.846
hT106	Olaparib	0.878
hT106	Nutlin-3	0.812
hT106	MK-2206	0.862
hT106	KU-55933	0.756
hT106	Everolimus	0.736
hT106	Celecoxib	0.864
hT106	Ruxolitinib	0.904
hT106	SGI-1776	0.71
hT106	OSI-420	0.82
hT106	TPCA-1	0.772
hT106	LY2874455	0.634
hT106	SF1670	0.758
hT106	K-ras(G12C) Inhibitor 9	0.814
hT106	WIKI4	0.778
hT106	Disulfuram	0.532
hT108	Selumetinib	0.702
hT108	Afatinib	0.58
hT108	Bortezomib	0.248
hT108	Lapatinib	0.734
hT108	Sunitinib	0.7
hT108	Olaparib	0.644
hT108	Nutlin-3	0.686
hT108	MK-2206	0.724
hT108	KU-55933	0.732
hT108	Everolimus	0.58
hT108	Celecoxib	0.782
hT108	Ruxolitinib	0.802
hT108	SGI-1776	0.706
hT108	OSI-420	0.706
hT108	TPCA-1	0.722
hT108	LY2874455	0.668
hT108	SF1670	0.624
hT108	K-ras(G12C) Inhibitor 9	0.672
hT108	WIKI4	0.734
hT108	Disulfuram	0.386
hT117	Selumetinib	0.802
hT117	Afatinib	0.75
hT117	Bortezomib	0.234
hT117	Lapatinib	0.824
hT117	Sunitinib	0.862
hT117	Olaparib	0.926
hT117	Nutlin-3	0.932
hT117	MK-2206	0.854
hT117	KU-55933	0.894
hT117	Everolimus	0.892
hT117	Celecoxib	0.912
hT117	Ruxolitinib	0.93
hT117	SGI-1776	0.898
hT117	OSI-420	0.818
hT117	TPCA-1	0.874
hT117	LY2874455	0.78
hT117	SF1670	0.88
hT117	K-ras(G12C) Inhibitor 9	0.914
hT117	WIKI4	0.81
hT117	Disulfuram	0.556
hT123	Selumetinib	0.88
hT123	Afatinib	0.778
hT123	Bortezomib	0.26
hT123	Lapatinib	0.89
hT123	Sunitinib	0.856
hT123	Olaparib	0.928
hT123	Nutlin-3	0.856
hT123	MK-2206	0.848
hT123	KU-55933	0.91
hT123	Everolimus	0.744
hT123	Celecoxib	0.884
hT123	Ruxolitinib	0.852
hT123	SGI-1776	0.89
hT123	OSI-420	0.826
hT123	TPCA-1	0.844
hT123	LY2874455	0.744
hT123	SF1670	0.786
hT123	K-ras(G12C) Inhibitor 9	0.866
hT123	WIKI4	0.832
hT123	Disulfuram	0.634
hT125	Selumetinib	0.866
hT125	Afatinib	0.614
hT125	Bortezomib	0.24
hT125	Lapatinib	0.802
hT125	Sunitinib	0.828
hT125	Olaparib	0.872
hT125	Nutlin-3	0.854
hT125	MK-2206	0.78
hT125	KU-55933	0.86
hT125	Everolimus	0.778
hT125	Celecoxib	0.852
hT125	Ruxolitinib	0.876
hT125	SGI-1776	0.714
hT125	OSI-420	0.704
hT125	TPCA-1	0.828
hT125	LY2874455	0.756
hT125	SF1670	0.76
hT125	K-ras(G12C) Inhibitor 9	0.816
hT125	WIKI4	0.858
hT125	Disulfuram	0.534
hT127	Selumetinib	0.8
hT127	Afatinib	0.842
hT127	Bortezomib	0.308
hT127	Lapatinib	0.918
hT127	Sunitinib	0.864
hT127	Olaparib	0.906
hT127	Nutlin-3	0.832
hT127	MK-2206	0.862
hT127	KU-55933	0.792
hT127	Everolimus	0.924
hT127	Celecoxib	0.896
hT127	Ruxolitinib	0.918
hT127	SGI-1776	0.808
hT127	OSI-420	0.826
hT127	TPCA-1	0.866
hT127	LY2874455	0.744
hT127	SF1670	0.89
hT127	K-ras(G12C) Inhibitor 9	0.86
hT127	WIKI4	0.944
hT127	Disulfuram	0.792
hT133	Selumetinib	0.704
hT133	Afatinib	0.78
hT133	Bortezomib	0.268
hT133	Lapatinib	0.69
hT133	Sunitinib	0.822
hT133	Olaparib	0.83
hT133	Nutlin-3	0.886
hT133	MK-2206	0.746
hT133	KU-55933	0.856
hT133	Everolimus	0.742
hT133	Celecoxib	0.846
hT133	Ruxolitinib	0.702
hT133	SGI-1776	0.804
hT133	OSI-420	0.812
hT133	TPCA-1	0.698
hT133	LY2874455	0.744
hT133	SF1670	0.688
hT133	K-ras(G12C) Inhibitor 9	0.866
hT133	WIKI4	0.748
hT133	Disulfuram	0.494
hT134	Selumetinib	0.784
hT134	Afatinib	0.788
hT134	Bortezomib	0.25
hT134	Lapatinib	0.836
hT134	Sunitinib	0.808
hT134	Olaparib	0.806
hT134	Nutlin-3	0.846
hT134	MK-2206	0.868
hT134	KU-55933	0.788
hT134	Everolimus	0.812
hT134	Celecoxib	0.834
hT134	Ruxolitinib	0.876
hT134	SGI-1776	0.802
hT134	OSI-420	0.786
hT134	TPCA-1	0.822
hT134	LY2874455	0.668
hT134	SF1670	0.894
hT134	K-ras(G12C) Inhibitor 9	0.672
hT134	WIKI4	0.844
hT134	Disulfuram	0.548
hT25	Selumetinib	0.824
hT25	Afatinib	0.792
hT25	Bortezomib	0.248
hT25	Lapatinib	0.854
hT25	Sunitinib	0.85
hT25	Olaparib	0.87
hT25	Nutlin-3	0.926
hT25	MK-2206	0.83
hT25	KU-55933	0.83
hT25	Everolimus	0.854
hT25	Celecoxib	0.906
hT25	Ruxolitinib	0.91
hT25	SGI-1776	0.868
hT25	OSI-420	0.886
hT25	TPCA-1	0.822
hT25	LY2874455	0.748
hT25	SF1670	0.77
hT25	K-ras(G12C) Inhibitor 9	0.862
hT25	WIKI4	0.834
hT25	Disulfuram	0.492
hT3	Selumetinib	0.736
hT3	Afatinib	0.696
hT3	Bortezomib	0.256
hT3	Lapatinib	0.698
hT3	Sunitinib	0.79
hT3	Olaparib	0.546
hT3	Nutlin-3	0.766
hT3	MK-2206	0.656
hT3	KU-55933	0.826
hT3	Everolimus	0.758
hT3	Celecoxib	0.88
hT3	Ruxolitinib	0.826
hT3	SGI-1776	0.698
hT3	OSI-420	0.71
hT3	TPCA-1	0.724
hT3	LY2874455	0.638
hT3	SF1670	0.656
hT3	K-ras(G12C) Inhibitor 9	0.806
hT3	WIKI4	0.732
hT3	Disulfuram	0.512
hT30	Selumetinib	0.838
hT30	Afatinib	0.814
hT30	Bortezomib	0.35
hT30	Lapatinib	0.874
hT30	Sunitinib	0.848
hT30	Olaparib	0.936
hT30	Nutlin-3	0.914
hT30	MK-2206	0.784
hT30	KU-55933	0.938
hT30	Everolimus	0.84
hT30	Celecoxib	0.786
hT30	Ruxolitinib	0.894
hT30	SGI-1776	0.78
hT30	OSI-420	0.858
hT30	TPCA-1	0.878
hT30	LY2874455	0.692
hT30	SF1670	0.786
hT30	K-ras(G12C) Inhibitor 9	0.894
hT30	WIKI4	0.888
hT30	Disulfuram	0.58
hT44	Selumetinib	0.874
hT44	Afatinib	0.794
hT44	Bortezomib	0.242
hT44	Lapatinib	0.856
hT44	Sunitinib	0.848
hT44	Olaparib	0.804
hT44	Nutlin-3	0.832
hT44	MK-2206	0.804
hT44	KU-55933	0.932
hT44	Everolimus	0.882
hT44	Celecoxib	0.898
hT44	Ruxolitinib	0.782
hT44	SGI-1776	0.726
hT44	OSI-420	0.864
hT44	TPCA-1	0.806
hT44	LY2874455	0.644
hT44	SF1670	0.734
hT44	K-ras(G12C) Inhibitor 9	0.848
hT44	WIKI4	0.828
hT44	Disulfuram	0.514
hT48	Selumetinib	0.744
hT48	Afatinib	0.668
hT48	Bortezomib	0.248
hT48	Lapatinib	0.736
hT48	Sunitinib	0.846
hT48	Olaparib	0.838
hT48	Nutlin-3	0.836
hT48	MK-2206	0.78
hT48	KU-55933	0.844
hT48	Everolimus	0.718
hT48	Celecoxib	0.79
hT48	Ruxolitinib	0.826
hT48	SGI-1776	0.708
hT48	OSI-420	0.762
hT48	TPCA-1	0.78
hT48	LY2874455	0.628
hT48	SF1670	0.71
hT48	K-ras(G12C) Inhibitor 9	0.838
hT48	WIKI4	0.756
hT48	Disulfuram	0.472
hT58	Selumetinib	0.82
hT58	Afatinib	0.722
hT58	Bortezomib	0.454
hT58	Lapatinib	0.8
hT58	Sunitinib	0.896
hT58	Olaparib	0.898
hT58	Nutlin-3	0.798
hT58	MK-2206	0.864
hT58	KU-55933	0.936
hT58	Everolimus	0.852
hT58	Celecoxib	0.912
hT58	Ruxolitinib	0.836
hT58	SGI-1776	0.894
hT58	OSI-420	0.832
hT58	TPCA-1	0.906
hT58	LY2874455	0.75
hT58	SF1670	0.816
hT58	K-ras(G12C) Inhibitor 9	0.856
hT58	WIKI4	0.9
hT58	Disulfuram	0.522
hT60	Selumetinib	0.834
hT60	Afatinib	0.718
hT60	Bortezomib	0.33
hT60	Lapatinib	0.864
hT60	Sunitinib	0.882
hT60	Olaparib	0.926
hT60	Nutlin-3	0.89
hT60	MK-2206	0.812
hT60	KU-55933	0.906
hT60	Everolimus	0.66
hT60	Celecoxib	0.928
hT60	Ruxolitinib	0.938
hT60	SGI-1776	0.866
hT60	OSI-420	0.838
hT60	TPCA-1	0.918
hT60	LY2874455	0.678
hT60	SF1670	0.788
hT60	K-ras(G12C) Inhibitor 9	0.846
hT60	WIKI4	0.904
hT60	Disulfuram	0.536
hT64	Selumetinib	0.766
hT64	Afatinib	0.684
hT64	Bortezomib	0.304
hT64	Lapatinib	0.616
hT64	Sunitinib	0.736
hT64	Olaparib	0.78
hT64	Nutlin-3	0.864
hT64	MK-2206	0.782
hT64	KU-55933	0.772
hT64	Everolimus	0.83
hT64	Celecoxib	0.78
hT64	Ruxolitinib	0.844
hT64	SGI-1776	0.824
hT64	OSI-420	0.752
hT64	TPCA-1	0.822
hT64	LY2874455	0.72
hT64	SF1670	0.75
hT64	K-ras(G12C) Inhibitor 9	0.8
hT64	WIKI4	0.814
hT64	Disulfuram	0.492
hT81	Selumetinib	0.776
hT81	Afatinib	0.734
hT81	Bortezomib	0.26
hT81	Lapatinib	0.88
hT81	Sunitinib	0.796
hT81	Olaparib	0.906
hT81	Nutlin-3	0.906
hT81	MK-2206	0.746
hT81	KU-55933	0.888
hT81	Everolimus	0.9
hT81	Celecoxib	0.8
hT81	Ruxolitinib	0.92
hT81	SGI-1776	0.888
hT81	OSI-420	0.824
hT81	TPCA-1	0.85
hT81	LY2874455	0.69
hT81	SF1670	0.892
hT81	K-ras(G12C) Inhibitor 9	0.806
hT81	WIKI4	0.776
hT81	Disulfuram	0.536
hT82	Selumetinib	0.874
hT82	Afatinib	0.704
hT82	Bortezomib	0.26
hT82	Lapatinib	0.836
hT82	Sunitinib	0.858
hT82	Olaparib	0.832
hT82	Nutlin-3	0.866
hT82	MK-2206	0.856
hT82	KU-55933	0.886
hT82	Everolimus	0.764
hT82	Celecoxib	0.904
hT82	Ruxolitinib	0.9
hT82	SGI-1776	0.844
hT82	OSI-420	0.796
hT82	TPCA-1	0.858
hT82	LY2874455	0.658
hT82	SF1670	0.872
hT82	K-ras(G12C) Inhibitor 9	0.91
hT82	WIKI4	0.822
hT82	Disulfuram	0.558
hT85	Selumetinib	0.674
hT85	Afatinib	0.696
hT85	Bortezomib	0.3
hT85	Lapatinib	0.83
hT85	Sunitinib	0.806
hT85	Olaparib	0.832
hT85	Nutlin-3	0.88
hT85	MK-2206	0.822
hT85	KU-55933	0.882
hT85	Everolimus	0.744
hT85	Celecoxib	0.898
hT85	Ruxolitinib	0.88
hT85	SGI-1776	0.826
hT85	OSI-420	0.756
hT85	TPCA-1	0.872
hT85	LY2874455	0.664
hT85	SF1670	0.824
hT85	K-ras(G12C) Inhibitor 9	0.784
hT85	WIKI4	0.844
hT85	Disulfuram	0.484
hT87	Selumetinib	0.754
hT87	Afatinib	0.752
hT87	Bortezomib	0.26
hT87	Lapatinib	0.814
hT87	Sunitinib	0.748
hT87	Olaparib	0.8
hT87	Nutlin-3	0.744
hT87	MK-2206	0.788
hT87	KU-55933	0.754
hT87	Everolimus	0.786
hT87	Celecoxib	0.792
hT87	Ruxolitinib	0.778
hT87	SGI-1776	0.794
hT87	OSI-420	0.866
hT87	TPCA-1	0.762
hT87	LY2874455	0.646
hT87	SF1670	0.776
hT87	K-ras(G12C) Inhibitor 9	0.854
hT87	WIKI4	0.824
hT87	Disulfuram	0.476
hT89	Selumetinib	0.796
hT89	Afatinib	0.846
hT89	Bortezomib	0.352
hT89	Lapatinib	0.848
hT89	Sunitinib	0.718
hT89	Olaparib	0.91
hT89	Nutlin-3	0.926
hT89	MK-2206	0.738
hT89	KU-55933	0.914
hT89	Everolimus	0.83
hT89	Celecoxib	0.914
hT89	Ruxolitinib	0.914
hT89	SGI-1776	0.79
hT89	OSI-420	0.758
hT89	TPCA-1	0.776
hT89	LY2874455	0.768
hT89	SF1670	0.824
hT89	K-ras(G12C) Inhibitor 9	0.86
hT89	WIKI4	0.792
hT89	Disulfuram	0.524
hT91	Selumetinib	0.842
hT91	Afatinib	0.77
hT91	Bortezomib	0.248
hT91	Lapatinib	0.872
hT91	Sunitinib	0.894
hT91	Olaparib	0.806
hT91	Nutlin-3	0.838
hT91	MK-2206	0.872
hT91	KU-55933	0.826
hT91	Everolimus	0.854
hT91	Celecoxib	0.828
hT91	Ruxolitinib	0.81
hT91	SGI-1776	0.77
hT91	OSI-420	0.76
hT91	TPCA-1	0.792
hT91	LY2874455	0.664
hT91	SF1670	0.784
hT91	K-ras(G12C) Inhibitor 9	0.858
hT91	WIKI4	0.786
hT91	Disulfuram	0.552
hT93	Selumetinib	0.908
hT93	Afatinib	0.816
hT93	Bortezomib	0.262
hT93	Lapatinib	0.88
hT93	Sunitinib	0.844
hT93	Olaparib	0.844
hT93	Nutlin-3	0.878
hT93	MK-2206	0.806
hT93	KU-55933	0.898
hT93	Everolimus	0.72
hT93	Celecoxib	0.876
hT93	Ruxolitinib	0.876
hT93	SGI-1776	0.79
hT93	OSI-420	0.844
hT93	TPCA-1	0.844
hT93	LY2874455	0.644
hT93	SF1670	0.79
hT93	K-ras(G12C) Inhibitor 9	0.808
hT93	WIKI4	0.814
hT93	Disulfuram	0.52
hT96	Selumetinib	0.72
hT96	Afatinib	0.708
hT96	Bortezomib	0.254
hT96	Lapatinib	0.788
hT96	Sunitinib	0.79
hT96	Olaparib	0.72
hT96	Nutlin-3	0.724
hT96	MK-2206	0.768
hT96	KU-55933	0.888
hT96	Everolimus	0.79
hT96	Celecoxib	0.714
hT96	Ruxolitinib	0.88
hT96	SGI-1776	0.796
hT96	OSI-420	0.744
hT96	TPCA-1	0.806
hT96	LY2874455	0.618
hT96	SF1670	0.788
hT96	K-ras(G12C) Inhibitor 9	0.818
hT96	WIKI4	0.792
hT96	Disulfuram	0.514
hT98	Selumetinib	0.678
hT98	Afatinib	0.638
hT98	Bortezomib	0.274
hT98	Lapatinib	0.806
hT98	Sunitinib	0.616
hT98	Olaparib	0.778
hT98	Nutlin-3	0.764
hT98	MK-2206	0.708
hT98	KU-55933	0.728
hT98	Everolimus	0.606
hT98	Celecoxib	0.72
hT98	Ruxolitinib	0.77
hT98	SGI-1776	0.742
hT98	OSI-420	0.582
hT98	TPCA-1	0.686
hT98	LY2874455	0.468
hT98	SF1670	0.692
hT98	K-ras(G12C) Inhibitor 9	0.646
hT98	WIKI4	0.71
hT98	Disulfuram	0.42
